,count,mean,std,min,25%,50%,75%,max
math_scores,5.0,43.4,7.436396977031283,31.0,43.0,45.0,48.0,50.0
chemistry_scores,5.0,46.0,30.692018506445613,11.0,23.0,43.0,68.0,85.0
information_technology_scores,5.0,49.6,22.018174311236617,25.0,33.0,51.0,58.0,81.0
physics_scores,5.0,54.4,29.39897957412808,21.0,28.0,60.0,73.0,90.0
total_score,5.0,193.4,36.287738976133525,144.0,184.0,192.0,202.0,245.0
average_score,5.0,48.35,9.071934744033381,36.0,46.0,48.0,50.5,61.25
